epoch,steps,cosine_pearson,cosine_spearman,euclidean_pearson,euclidean_spearman,manhattan_pearson,manhattan_spearman,dot_pearson,dot_spearman
0,-1,0.9141582397100041,0.8584602350872026,0.905824927065712,0.8584602350872026,0.905757067953924,0.8579544759985129,0.9141582357972947,0.8584602350872026
1,-1,0.91664295830542,0.8586542274506105,0.908103160598242,0.8586542274506105,0.9077850309376676,0.8586195838411734,0.9166429544199154,0.8586542248746453
2,-1,0.9176621257369992,0.8588967121089486,0.9092333799850444,0.8588967121089486,0.9088647598355104,0.8589937070026699,0.917662118526418,0.8588967121089486
