epoch,steps,cosine_pearson,cosine_spearman,euclidean_pearson,euclidean_spearman,manhattan_pearson,manhattan_spearman,dot_pearson,dot_spearman
0,-1,0.8685930478622463,0.8356040812024439,0.8337315194355934,0.8356040812024439,0.8312468858679638,0.8344609270978712,0.8685930395922657,0.8356040812024439
1,-1,0.8332600753583286,0.8112237218449218,0.7972289339917139,0.8112237218449218,0.7953767646159129,0.8104546909018455,0.8332600896324623,0.8112237218449218
2,-1,0.8319180273668373,0.8102329882876254,0.797004930502652,0.8102329882876254,0.79482051760504,0.8103576960081242,0.831918033212867,0.8102329882876254
