epoch,steps,cosine_pearson,cosine_spearman,euclidean_pearson,euclidean_spearman,manhattan_pearson,manhattan_spearman,dot_pearson,dot_spearman
0,-1,0.8663998780894547,0.8470079094213929,0.8522299612365025,0.8470079094213929,0.8525644068103118,0.8477492275376916,0.8663998816148194,0.8470079094213929
1,-1,0.843286620964403,0.8338928141489321,0.8282086489289583,0.8338928141489321,0.82973562694071,0.835167604180698,0.8432866102238069,0.8338928141489321
2,-1,0.846606842220077,0.8363315429053538,0.8312588116780458,0.8363315429053538,0.8317839122822257,0.8360890556710505,0.8466068523074448,0.8363315429053538
