epoch,steps,cosine_pearson,cosine_spearman,euclidean_pearson,euclidean_spearman,manhattan_pearson,manhattan_spearman,dot_pearson,dot_spearman
0,-1,0.45991347596752236,0.42778905055117034,0.46259563417417976,0.4277890518345388,0.48998266148873615,0.4534441999404584,0.45991344568606984,0.42778905055117034
1,-1,0.449698742428107,0.40020785970084466,0.4451330236776932,0.40020785970084466,0.46158813241036356,0.42156752093961736,0.4496987467074422,0.40020785970084466
2,-1,0.40395717479436644,0.35022777660758936,0.4030868283181043,0.35022777660758936,0.42382798865907834,0.38092666047038587,0.4039571602547564,0.35022777660758936
